filename,,labels
1 (4) - Copy.jpg,,DRAFT
1 (60).jpg,,JavaMadeSoEasy
1 (18).jpg,,Microstrategy
1 (4).jpg,,DRAFT
1 (41).jpg,,TOP SECRET
1 (44).jpg,,CONFIDENTIAL
1 (49).jpg,,DRAFT
1 (38).jpg,,PRIVATE
1 (56).jpg,,-890
1 (19).jpg,,DataNumen Word Repair DO NOT COPY
1 (25).jpg,,CONFIDENTIAL
1 (51).jpg,,COPY_COPIE
1 (28).jpg,,www.studyone.aditya.com
1 (73).jpg,,DRAFT
1 (2) - Copy.jpg,,DRAFT
1 (34).jpg,,DW4-Ep11-Green
1 (47).jpg,,Rifey Cardwell
1 (96).jpg,,-890
1 (66).jpg,,For Internal Use Only
1 (6).jpg,,DRAFT
1 (81).jpg,,COPY_COPIE
1 (13).jpg,,DRAFT
1 (88).jpg,,neutron classes
1 (53).jpg,,THIS IS A TEST WATERMARK
1 (24).jpg,,Watermark Sample
1 (1).jpg,,www.studyone.aditya.com
1 (90).jpg,,This is my work
1 (78).jpg,,CONFIDENTIAL
1 (79).jpg,,XPS Watermark
1 (94).jpg,,TEMPLATE
1 (2).png,,ASPOSE
1 (1) - Copy.jpg,,www.studyone.aditya.com
1 (54).jpg,,DO NOT COPY
1 (69).jpg,,CONFIDENTIAL
1 (42).jpg,,CONFIDENTIAL
1 (95).jpg,,PRIVATE
1 (62).jpg,,CONFIDENTIAL SAMPLE PRIVATE
1 (67).jpg,,YOUR TEXT HERE
1 (10).jpg,,CONFIDENTIAL
1 (22).jpg,,TEST
1 (61).jpg,,Confidential Data
1 (64).jpg,,CONFIDENTIAL SAMPLE PRIVATE
1 (71).jpg,,Confidential
1 (9).jpg,,CONFIDENTIAL
1 (59).jpg,,Out of date
1 (68).jpg,,Confidential
1 (70).jpg,,This is my work
1 (36).jpg,,move.ie
1 (35).jpg,,TEMPLATE
1 (8).jpg,,YOUR TEXT HERE
1 (20).jpg,,DRAFT
1 (93).jpg,,Simple Help
1 (98).jpg,,SKYTIZENS
1 (82).jpg,,www.learningOnlineClasses.com
1 (80).jpg,,Online Computer Tips
1 (83).jpg,,1667 8316
1 (17).jpg,,SIMON SEZ IT
1 (11).jpg,,VERTPAULICH
1 (43).jpg,,CONFIDENTIAL
1 (65).jpg,,CORRIGE
1 (23).jpg,,PREVIEW
1 (87).jpg,,neutron classes
1 (31).jpg,,KANERZ ART
1 (30).jpg,,ELTRONIS
1 (84).jpg,,euroki net
1 (3).jpg,,WATERMARK
1 (14).jpg,,Entwurf
1 (2).jpg,,Learn New Things
1 (63).jpg,,CONFIDENTIAL SAMPLE PRIVATE
1 (52).jpg,,iDB
1 (5).jpg,,DO NOT COPY
1 (15).jpg,,DRAFT
1 (97).jpg,,www.a-pdf.com
1 (58).jpg,,Watermark
1 (29).jpg,,www.Studyone.aditya.com
1 (37).jpg,,THIS IS A TEST WATERMARK
1 (91).jpg,,DRAFT
1 (26).jpg,,Confidential
1 (76).jpg,,Plumsail
1 (75).jpg,,Jswift Topz trading
1 (1) - Copy.png,,DRAFT
1 (27).jpg,,watermark
1 (86).jpg,,paperout.iN
1 (1).png,,DRAFT
1 (32).jpg,,SPECIMEN
1 (72).jpg,,CONFIDENTIAL
1 (50).jpg,,Text
1 (21).jpg,,Shelley's Dot
1 (77).jpg,,TIGER INCENSE
1 (7).jpg,,Preview
1 (33).jpg,,DO NOT COPY
1 (74).jpg,,confiential
1 (16).jpg,,DRAFT
1 (40).jpg,,DRAFT
1 (45).jpg,,Confidential
1 (12).jpg,,Entwurf
1 (85).jpg,,www.ndjtuition.com
1 (57).jpg,,Confidential Document
1 (55).jpg,,DataNumen Word Repair
1 (48).jpg,,For Management's Use Only
1 (89).jpg,,NDJ Tuition
1 (39).jpg,,DRAFT
1 (46).jpg,,Simple Help
1 (92).jpg,,Confidential
